{
    "counter": {
        "ACTIVE": 1752,
        "INACTIVE": 3,
        "INVALID": 0,
        "MALICIOUS": 0,
        "SANE": 0,
        "VALID": 0,
        "total": 1755
    },
    "percentage": {
        "ACTIVE": 99.82905982905983,
        "INACTIVE": 0.7389162561576355,
        "INVALID": 0,
        "MALICIOUS": 0,
        "SANE": 0,
        "VALID": 0,
        "total": 100.56797608521747
    }
}