{
    "counter": {
        "ACTIVE": 2543,
        "INACTIVE": 4,
        "INVALID": 0,
        "MALICIOUS": 0,
        "SANE": 0,
        "VALID": 0,
        "total": 2547
    },
    "percentage": {
        "ACTIVE": 99.84295249312918,
        "INACTIVE": 0.2803083391730904,
        "INVALID": 0,
        "MALICIOUS": 0,
        "SANE": 0,
        "VALID": 0,
        "total": 100.12326083230226
    }
}