{
    "counter": {
        "ACTIVE": 3175,
        "INACTIVE": 4,
        "INVALID": 0,
        "MALICIOUS": 0,
        "SANE": 0,
        "VALID": 0,
        "total": 3179
    },
    "percentage": {
        "ACTIVE": 99.87417426863793,
        "INACTIVE": 0.9685230024213075,
        "INVALID": 0,
        "MALICIOUS": 0,
        "SANE": 0,
        "VALID": 0,
        "total": 100.84269727105924
    }
}