{
    "counter": {
        "ACTIVE": 2821,
        "INACTIVE": 2,
        "INVALID": 0,
        "MALICIOUS": 0,
        "SANE": 0,
        "VALID": 0,
        "total": 2823
    },
    "percentage": {
        "ACTIVE": 99.92915338292596,
        "INACTIVE": 0.49261083743842365,
        "INVALID": 0,
        "MALICIOUS": 0,
        "SANE": 0,
        "VALID": 0,
        "total": 100.42176422036438
    }
}