{
    "counter": {
        "ACTIVE": 1764,
        "INACTIVE": 7,
        "INVALID": 0,
        "MALICIOUS": 0,
        "SANE": 0,
        "VALID": 0,
        "total": 1771
    },
    "percentage": {
        "ACTIVE": 99.60474308300395,
        "INACTIVE": 0.47522063815342835,
        "INVALID": 0,
        "MALICIOUS": 0,
        "SANE": 0,
        "VALID": 0,
        "total": 100.07996372115738
    }
}