{
    "counter": {
        "ACTIVE": 3164,
        "INACTIVE": 5,
        "INVALID": 0,
        "MALICIOUS": 0,
        "SANE": 0,
        "VALID": 0,
        "total": 3169
    },
    "percentage": {
        "ACTIVE": 99.84222152098454,
        "INACTIVE": 1.2315270935960592,
        "INVALID": 0,
        "MALICIOUS": 0,
        "SANE": 0,
        "VALID": 0,
        "total": 101.0737486145806
    }
}