{
    "counter": {
        "ACTIVE": 3166,
        "INACTIVE": 9,
        "INVALID": 0,
        "MALICIOUS": 0,
        "SANE": 0,
        "VALID": 0,
        "total": 3175
    },
    "percentage": {
        "ACTIVE": 99.71653543307086,
        "INACTIVE": 0.2910737386804657,
        "INVALID": 0,
        "MALICIOUS": 0,
        "SANE": 0,
        "VALID": 0,
        "total": 100.00760917175133
    }
}