{
    "counter": {
        "ACTIVE": 3173,
        "INACTIVE": 4,
        "INVALID": 0,
        "MALICIOUS": 0,
        "SANE": 0,
        "VALID": 0,
        "total": 3177
    },
    "percentage": {
        "ACTIVE": 99.87409505823103,
        "INACTIVE": 0.13266998341625208,
        "INVALID": 0,
        "MALICIOUS": 0,
        "SANE": 0,
        "VALID": 0,
        "total": 100.00676504164728
    }
}