{
    "counter": {
        "ACTIVE": 3177,
        "INACTIVE": 4,
        "INVALID": 0,
        "MALICIOUS": 0,
        "SANE": 0,
        "VALID": 0,
        "total": 3181
    },
    "percentage": {
        "ACTIVE": 99.87425337944043,
        "INACTIVE": 0.28388928317955997,
        "INVALID": 0,
        "MALICIOUS": 0,
        "SANE": 0,
        "VALID": 0,
        "total": 100.15814266262
    }
}