{
    "counter": {
        "ACTIVE": 1320,
        "INACTIVE": 6,
        "INVALID": 0,
        "MALICIOUS": 0,
        "SANE": 0,
        "VALID": 0,
        "total": 1326
    },
    "percentage": {
        "ACTIVE": 99.5475113122172,
        "INACTIVE": 0.456968773800457,
        "INVALID": 0,
        "MALICIOUS": 0,
        "SANE": 0,
        "VALID": 0,
        "total": 100.00448008601765
    }
}