{
    "counter": {
        "ACTIVE": 3167,
        "INACTIVE": 5,
        "INVALID": 0,
        "MALICIOUS": 0,
        "SANE": 0,
        "VALID": 0,
        "total": 3172
    },
    "percentage": {
        "ACTIVE": 99.84237074401008,
        "INACTIVE": 0.4830917874396135,
        "INVALID": 0,
        "MALICIOUS": 0,
        "SANE": 0,
        "VALID": 0,
        "total": 100.3254625314497
    }
}