{
    "counter": {
        "ACTIVE": 2921,
        "INACTIVE": 4,
        "INVALID": 0,
        "MALICIOUS": 0,
        "SANE": 0,
        "VALID": 0,
        "total": 2925
    },
    "percentage": {
        "ACTIVE": 99.86324786324786,
        "INACTIVE": 0.28348688873139616,
        "INVALID": 0,
        "MALICIOUS": 0,
        "SANE": 0,
        "VALID": 0,
        "total": 100.14673475197927
    }
}