{
    "counter": {
        "ACTIVE": 1550,
        "INACTIVE": 2,
        "INVALID": 0,
        "MALICIOUS": 0,
        "SANE": 0,
        "VALID": 0,
        "total": 1552
    },
    "percentage": {
        "ACTIVE": 99.87113402061856,
        "INACTIVE": 0.14154281670205238,
        "INVALID": 0,
        "MALICIOUS": 0,
        "SANE": 0,
        "VALID": 0,
        "total": 100.01267683732061
    }
}