{
    "counter": {
        "ACTIVE": 469,
        "INACTIVE": 4,
        "INVALID": 0,
        "MALICIOUS": 0,
        "SANE": 0,
        "VALID": 0,
        "total": 473
    },
    "percentage": {
        "ACTIVE": 99.15433403805497,
        "INACTIVE": 0.9216589861751152,
        "INVALID": 0,
        "MALICIOUS": 0,
        "SANE": 0,
        "VALID": 0,
        "total": 100.07599302423009
    }
}