{
    "counter": {
        "ACTIVE": 3173,
        "INACTIVE": 2,
        "INVALID": 0,
        "MALICIOUS": 0,
        "SANE": 0,
        "VALID": 0,
        "total": 3175
    },
    "percentage": {
        "ACTIVE": 99.93700787401575,
        "INACTIVE": 0.1360544217687075,
        "INVALID": 0,
        "MALICIOUS": 0,
        "SANE": 0,
        "VALID": 0,
        "total": 100.07306229578445
    }
}