{
    "counter": {
        "ACTIVE": 3181,
        "INACTIVE": 3,
        "INVALID": 0,
        "MALICIOUS": 0,
        "SANE": 0,
        "VALID": 0,
        "total": 3184
    },
    "percentage": {
        "ACTIVE": 99.90577889447236,
        "INACTIVE": 0.2109704641350211,
        "INVALID": 0,
        "MALICIOUS": 0,
        "SANE": 0,
        "VALID": 0,
        "total": 100.11674935860738
    }
}