{
    "counter": {
        "ACTIVE": 4030,
        "INACTIVE": 21,
        "INVALID": 0,
        "MALICIOUS": 0,
        "SANE": 0,
        "VALID": 0,
        "total": 4051
    },
    "percentage": {
        "ACTIVE": 99.48160947914096,
        "INACTIVE": 0.5187747035573123,
        "INVALID": 0,
        "MALICIOUS": 0,
        "SANE": 0,
        "VALID": 0,
        "total": 100.00038418269827
    }
}