{
    "counter": {
        "ACTIVE": 3165,
        "INACTIVE": 5,
        "INVALID": 0,
        "MALICIOUS": 0,
        "SANE": 0,
        "VALID": 0,
        "total": 3170
    },
    "percentage": {
        "ACTIVE": 99.84227129337539,
        "INACTIVE": 0.16265452179570591,
        "INVALID": 0,
        "MALICIOUS": 0,
        "SANE": 0,
        "VALID": 0,
        "total": 100.00492581517109
    }
}