{
    "counter": {
        "ACTIVE": 3159,
        "INACTIVE": 5,
        "INVALID": 0,
        "MALICIOUS": 0,
        "SANE": 0,
        "VALID": 0,
        "total": 3164
    },
    "percentage": {
        "ACTIVE": 99.84197218710493,
        "INACTIVE": 0.3597122302158273,
        "INVALID": 0,
        "MALICIOUS": 0,
        "SANE": 0,
        "VALID": 0,
        "total": 100.20168441732076
    }
}