{
    "counter": {
        "ACTIVE": 471,
        "INACTIVE": 2,
        "INVALID": 0,
        "MALICIOUS": 0,
        "SANE": 0,
        "VALID": 0,
        "total": 473
    },
    "percentage": {
        "ACTIVE": 99.57716701902748,
        "INACTIVE": 0.4889975550122249,
        "INVALID": 0,
        "MALICIOUS": 0,
        "SANE": 0,
        "VALID": 0,
        "total": 100.0661645740397
    }
}