{
    "counter": {
        "ACTIVE": 3163,
        "INACTIVE": 9,
        "INVALID": 0,
        "MALICIOUS": 0,
        "SANE": 0,
        "VALID": 0,
        "total": 3172
    },
    "percentage": {
        "ACTIVE": 99.71626733921816,
        "INACTIVE": 0.6122448979591837,
        "INVALID": 0,
        "MALICIOUS": 0,
        "SANE": 0,
        "VALID": 0,
        "total": 100.32851223717735
    }
}