{
    "counter": {
        "ACTIVE": 3178,
        "INACTIVE": 1,
        "INVALID": 0,
        "MALICIOUS": 0,
        "SANE": 0,
        "VALID": 0,
        "total": 3179
    },
    "percentage": {
        "ACTIVE": 99.96854356715949,
        "INACTIVE": 0.06788866259334692,
        "INVALID": 0,
        "MALICIOUS": 0,
        "SANE": 0,
        "VALID": 0,
        "total": 100.03643222975283
    }
}