{
    "counter": {
        "ACTIVE": 3174,
        "INACTIVE": 4,
        "INVALID": 0,
        "MALICIOUS": 0,
        "SANE": 0,
        "VALID": 0,
        "total": 3178
    },
    "percentage": {
        "ACTIVE": 99.87413467589678,
        "INACTIVE": 0.13266998341625208,
        "INVALID": 0,
        "MALICIOUS": 0,
        "SANE": 0,
        "VALID": 0,
        "total": 100.00680465931303
    }
}