{
    "counter": {
        "ACTIVE": 2741,
        "INACTIVE": 1,
        "INVALID": 0,
        "MALICIOUS": 0,
        "SANE": 0,
        "VALID": 0,
        "total": 2742
    },
    "percentage": {
        "ACTIVE": 99.963530269876,
        "INACTIVE": 0.24691358024691357,
        "INVALID": 0,
        "MALICIOUS": 0,
        "SANE": 0,
        "VALID": 0,
        "total": 100.21044385012291
    }
}