{
    "counter": {
        "ACTIVE": 3159,
        "INACTIVE": 8,
        "INVALID": 0,
        "MALICIOUS": 0,
        "SANE": 0,
        "VALID": 0,
        "total": 3167
    },
    "percentage": {
        "ACTIVE": 99.74739501105147,
        "INACTIVE": 0.33444816053511706,
        "INVALID": 0,
        "MALICIOUS": 0,
        "SANE": 0,
        "VALID": 0,
        "total": 100.08184317158658
    }
}