{
    "counter": {
        "ACTIVE": 3171,
        "INACTIVE": 2,
        "INVALID": 0,
        "MALICIOUS": 0,
        "SANE": 0,
        "VALID": 0,
        "total": 3173
    },
    "percentage": {
        "ACTIVE": 99.9369681689253,
        "INACTIVE": 0.4975124378109453,
        "INVALID": 0,
        "MALICIOUS": 0,
        "SANE": 0,
        "VALID": 0,
        "total": 100.43448060673624
    }
}