{
    "counter": {
        "ACTIVE": 3002,
        "INACTIVE": 6,
        "INVALID": 0,
        "MALICIOUS": 0,
        "SANE": 0,
        "VALID": 0,
        "total": 3008
    },
    "percentage": {
        "ACTIVE": 99.80053191489361,
        "INACTIVE": 0.4219409282700422,
        "INVALID": 0,
        "MALICIOUS": 0,
        "SANE": 0,
        "VALID": 0,
        "total": 100.22247284316366
    }
}