{
    "counter": {
        "ACTIVE": 3170,
        "INACTIVE": 1,
        "INVALID": 0,
        "MALICIOUS": 0,
        "SANE": 0,
        "VALID": 0,
        "total": 3171
    },
    "percentage": {
        "ACTIVE": 99.9684642068748,
        "INACTIVE": 0.24937655860349128,
        "INVALID": 0,
        "MALICIOUS": 0,
        "SANE": 0,
        "VALID": 0,
        "total": 100.21784076547829
    }
}