{
    "counter": {
        "ACTIVE": 3176,
        "INACTIVE": 7,
        "INVALID": 0,
        "MALICIOUS": 0,
        "SANE": 0,
        "VALID": 0,
        "total": 3183
    },
    "percentage": {
        "ACTIVE": 99.78008168394597,
        "INACTIVE": 0.4682274247491639,
        "INVALID": 0,
        "MALICIOUS": 0,
        "SANE": 0,
        "VALID": 0,
        "total": 100.24830910869512
    }
}