{
    "counter": {
        "ACTIVE": 3166,
        "INACTIVE": 2,
        "INVALID": 0,
        "MALICIOUS": 0,
        "SANE": 0,
        "VALID": 0,
        "total": 3168
    },
    "percentage": {
        "ACTIVE": 99.93686868686869,
        "INACTIVE": 0.46403712296983757,
        "INVALID": 0,
        "MALICIOUS": 0,
        "SANE": 0,
        "VALID": 0,
        "total": 100.40090580983853
    }
}