{
    "counter": {
        "ACTIVE": 2791,
        "INACTIVE": 5,
        "INVALID": 0,
        "MALICIOUS": 0,
        "SANE": 0,
        "VALID": 0,
        "total": 2796
    },
    "percentage": {
        "ACTIVE": 99.8211731044349,
        "INACTIVE": 1.2077294685990339,
        "INVALID": 0,
        "MALICIOUS": 0,
        "SANE": 0,
        "VALID": 0,
        "total": 101.02890257303395
    }
}