{
    "counter": {
        "ACTIVE": 3169,
        "INACTIVE": 3,
        "INVALID": 0,
        "MALICIOUS": 0,
        "SANE": 0,
        "VALID": 0,
        "total": 3172
    },
    "percentage": {
        "ACTIVE": 99.90542244640605,
        "INACTIVE": 0.7407407407407407,
        "INVALID": 0,
        "MALICIOUS": 0,
        "SANE": 0,
        "VALID": 0,
        "total": 100.6461631871468
    }
}