{
    "counter": {
        "ACTIVE": 3181,
        "INACTIVE": 4,
        "INVALID": 0,
        "MALICIOUS": 0,
        "SANE": 0,
        "VALID": 0,
        "total": 3185
    },
    "percentage": {
        "ACTIVE": 99.87441130298274,
        "INACTIVE": 0.2803083391730904,
        "INVALID": 0,
        "MALICIOUS": 0,
        "SANE": 0,
        "VALID": 0,
        "total": 100.15471964215583
    }
}