{
    "counter": {
        "ACTIVE": 4032,
        "INACTIVE": 21,
        "INVALID": 0,
        "MALICIOUS": 0,
        "SANE": 0,
        "VALID": 0,
        "total": 4053
    },
    "percentage": {
        "ACTIVE": 99.48186528497409,
        "INACTIVE": 0.5187747035573123,
        "INVALID": 0,
        "MALICIOUS": 0,
        "SANE": 0,
        "VALID": 0,
        "total": 100.0006399885314
    }
}