{
    "counter": {
        "ACTIVE": 3169,
        "INACTIVE": 2,
        "INVALID": 0,
        "MALICIOUS": 0,
        "SANE": 0,
        "VALID": 0,
        "total": 3171
    },
    "percentage": {
        "ACTIVE": 99.93692841374961,
        "INACTIVE": 0.49019607843137253,
        "INVALID": 0,
        "MALICIOUS": 0,
        "SANE": 0,
        "VALID": 0,
        "total": 100.42712449218098
    }
}