{
    "counter": {
        "ACTIVE": 2480,
        "INACTIVE": 7,
        "INVALID": 0,
        "MALICIOUS": 0,
        "SANE": 0,
        "VALID": 0,
        "total": 2487
    },
    "percentage": {
        "ACTIVE": 99.71853638922397,
        "INACTIVE": 0.4682274247491639,
        "INVALID": 0,
        "MALICIOUS": 0,
        "SANE": 0,
        "VALID": 0,
        "total": 100.18676381397313
    }
}