{
    "counter": {
        "ACTIVE": 3167,
        "INACTIVE": 5,
        "INVALID": 0,
        "MALICIOUS": 0,
        "SANE": 0,
        "VALID": 0,
        "total": 3172
    },
    "percentage": {
        "ACTIVE": 99.84237074401008,
        "INACTIVE": 0.16265452179570591,
        "INVALID": 0,
        "MALICIOUS": 0,
        "SANE": 0,
        "VALID": 0,
        "total": 100.00502526580578
    }
}