{
    "counter": {
        "ACTIVE": 3176,
        "INACTIVE": 1,
        "INVALID": 0,
        "MALICIOUS": 0,
        "SANE": 0,
        "VALID": 0,
        "total": 3177
    },
    "percentage": {
        "ACTIVE": 99.96852376455776,
        "INACTIVE": 0.24630541871921183,
        "INVALID": 0,
        "MALICIOUS": 0,
        "SANE": 0,
        "VALID": 0,
        "total": 100.21482918327698
    }
}