{
    "counter": {
        "ACTIVE": 3023,
        "INACTIVE": 4,
        "INVALID": 0,
        "MALICIOUS": 0,
        "SANE": 0,
        "VALID": 0,
        "total": 3027
    },
    "percentage": {
        "ACTIVE": 99.86785596299967,
        "INACTIVE": 0.2711864406779661,
        "INVALID": 0,
        "MALICIOUS": 0,
        "SANE": 0,
        "VALID": 0,
        "total": 100.13904240367764
    }
}