{
    "counter": {
        "ACTIVE": 2666,
        "INACTIVE": 6,
        "INVALID": 0,
        "MALICIOUS": 0,
        "SANE": 0,
        "VALID": 0,
        "total": 2672
    },
    "percentage": {
        "ACTIVE": 99.77544910179641,
        "INACTIVE": 0.3050330452465684,
        "INVALID": 0,
        "MALICIOUS": 0,
        "SANE": 0,
        "VALID": 0,
        "total": 100.08048214704299
    }
}