{
    "counter": {
        "ACTIVE": 1094,
        "INACTIVE": 5,
        "INVALID": 0,
        "MALICIOUS": 0,
        "SANE": 0,
        "VALID": 0,
        "total": 1099
    },
    "percentage": {
        "ACTIVE": 99.54504094631483,
        "INACTIVE": 1.2315270935960592,
        "INVALID": 0,
        "MALICIOUS": 0,
        "SANE": 0,
        "VALID": 0,
        "total": 100.77656803991088
    }
}