{
    "counter": {
        "ACTIVE": 1285,
        "INACTIVE": 5,
        "INVALID": 0,
        "MALICIOUS": 0,
        "SANE": 0,
        "VALID": 0,
        "total": 1290
    },
    "percentage": {
        "ACTIVE": 99.6124031007752,
        "INACTIVE": 1.2106537530266344,
        "INVALID": 0,
        "MALICIOUS": 0,
        "SANE": 0,
        "VALID": 0,
        "total": 100.82305685380183
    }
}