{
    "counter": {
        "ACTIVE": 1907,
        "INACTIVE": 3,
        "INVALID": 0,
        "MALICIOUS": 0,
        "SANE": 0,
        "VALID": 0,
        "total": 1910
    },
    "percentage": {
        "ACTIVE": 99.84293193717278,
        "INACTIVE": 0.7352941176470589,
        "INVALID": 0,
        "MALICIOUS": 0,
        "SANE": 0,
        "VALID": 0,
        "total": 100.57822605481984
    }
}