{
    "counter": {
        "ACTIVE": 3004,
        "INACTIVE": 5,
        "INVALID": 0,
        "MALICIOUS": 0,
        "SANE": 0,
        "VALID": 0,
        "total": 3009
    },
    "percentage": {
        "ACTIVE": 99.83383183781987,
        "INACTIVE": 0.4830917874396135,
        "INVALID": 0,
        "MALICIOUS": 0,
        "SANE": 0,
        "VALID": 0,
        "total": 100.31692362525949
    }
}