{
    "counter": {
        "ACTIVE": 2224,
        "INACTIVE": 7,
        "INVALID": 0,
        "MALICIOUS": 0,
        "SANE": 0,
        "VALID": 0,
        "total": 2231
    },
    "percentage": {
        "ACTIVE": 99.68623935454953,
        "INACTIVE": 1.70316301703163,
        "INVALID": 0,
        "MALICIOUS": 0,
        "SANE": 0,
        "VALID": 0,
        "total": 101.38940237158116
    }
}