{
    "counter": {
        "ACTIVE": 3171,
        "INACTIVE": 7,
        "INVALID": 0,
        "MALICIOUS": 0,
        "SANE": 0,
        "VALID": 0,
        "total": 3178
    },
    "percentage": {
        "ACTIVE": 99.77973568281938,
        "INACTIVE": 0.4908835904628331,
        "INVALID": 0,
        "MALICIOUS": 0,
        "SANE": 0,
        "VALID": 0,
        "total": 100.27061927328221
    }
}