{
    "counter": {
        "ACTIVE": 3001,
        "INACTIVE": 6,
        "INVALID": 0,
        "MALICIOUS": 0,
        "SANE": 0,
        "VALID": 0,
        "total": 3007
    },
    "percentage": {
        "ACTIVE": 99.8004655803126,
        "INACTIVE": 0.21223912274495932,
        "INVALID": 0,
        "MALICIOUS": 0,
        "SANE": 0,
        "VALID": 0,
        "total": 100.01270470305757
    }
}